{"is_source_file": true, "format": "JavaScript/ECMAScript Module (.mjs)", "description": "Configuration file for ESLint setup in a JavaScript project, specifying parsing options, globals, plugins, and rules.", "external_files": ["@eslint/js", "eslint-plugin-react"], "external_methods": [], "published": [], "classes": [], "methods": [], "calls": [], "search-terms": ["eslint.config.mjs", "eslint", "eslint-plugin-react", "plugins", "rules", "parserOptions", "globals", "jsx", "ecmaVersion", "sourceType"], "state": 2, "file_id": 3, "knowledge_revision": 15, "git_revision": "548a13586ea6aeeb4a646503ec898b46b9275eda", "hash": "be6538e7523bc2e9da0743133d784136", "format-version": 4, "code-base-name": "notes_frontend", "filename": "notes_frontend/eslint.config.mjs", "revision_history": [{"15": "548a13586ea6aeeb4a646503ec898b46b9275eda"}]}