{"is_source_file": false, "format": "", "description": "", "external_files": [], "external_methods": [], "published": [], "classes": [], "methods": [], "calls": [], "search-terms": [], "state": 2, "file_id": 7, "knowledge_revision": 27, "git_revision": "548a13586ea6aeeb4a646503ec898b46b9275eda", "hash": "2ce58cd1ac34f6d8d7527669cedd7a47", "format-version": 4, "code-base-name": "notes_frontend", "filename": "notes_frontend/src/App.css", "revision_history": [{"27": "548a13586ea6aeeb4a646503ec898b46b9275eda"}]}