{"is_source_file": true, "format": "JavaScript (React)", "description": "Main React component for a notes application including data fetching, user interactions, and UI rendering.", "external_files": ["./App.css"], "external_methods": ["loadNotesFromApiOrFallback", "listNotesFromBackend", "createNoteOnBackend", "createNoteViaApi", "loadLocalNotesReadOnly", "saveLocalNotesCache", "isNetworkUnreachableError", "normalizeNote", "formatRelativeDate"], "published": ["App", "loadNotesFromApiOrFallback", "listNotesFromBackend", "createNoteOnBackend", "createNoteViaApi"], "classes": [], "methods": [{"name": "App()", "description": "Main React component managing notes, UI state, and user interactions.", "scope": "", "scopeKind": ""}, {"name": "Modal({ title, onClose, children, tone = \"default\" })", "description": "Reusable modal dialog component with accessible behavior.", "scope": "", "scopeKind": ""}, {"name": "formatRelativeDate(iso)", "description": "Utility function to format ISO date strings into relative time descriptions.", "scope": "", "scopeKind": ""}, {"name": "loadNotesFromApiOrFallback({ notesUrl })", "description": "Fetch notes from backend or local storage fallback.", "scope": "", "scopeKind": ""}, {"name": "listNotesFromBackend(notesUrl)", "description": "Fetch list of notes from backend API.", "scope": "", "scopeKind": ""}, {"name": "createNoteOnBackend(notesUrl, note)", "description": "Send new note data to backend API to create a note.", "scope": "", "scopeKind": ""}, {"name": "createNoteViaApi({ notesUrl, note })", "description": "High-level function to create a note via backend, update local cache accordingly.", "scope": "", "scopeKind": ""}, {"name": "closeEditor()", "scope": "App", "scopeKind": "function", "description": "unavailable"}, {"name": "handleDeleteConfirmed()", "scope": "App", "scopeKind": "function", "description": "unavailable"}, {"name": "handleSave(e)", "scope": "App", "scopeKind": "function", "description": "unavailable"}, {"name": "isNetworkUnreachableError(err)", "scope": "", "scopeKind": "", "description": "unavailable"}, {"name": "load()", "scope": "App", "scopeKind": "function", "description": "unavailable"}, {"name": "loadLocalNotesReadOnly()", "scope": "", "scopeKind": "", "description": "unavailable"}, {"name": "normalizeNote(raw)", "scope": "", "scopeKind": "", "description": "unavailable"}, {"name": "onKeyDown(e)", "scope": "Modal", "scopeKind": "function", "description": "unavailable"}, {"name": "openEdit(note)", "scope": "App", "scopeKind": "function", "description": "unavailable"}, {"name": "openNewNote()", "scope": "App", "scopeKind": "function", "description": "unavailable"}, {"name": "saveLocalNotesCache(notes)", "scope": "", "scopeKind": "", "description": "unavailable"}, {"name": "validateDraft(nextDraft)", "scope": "App", "scopeKind": "function", "description": "unavailable"}], "calls": ["loadNotesFromApiOrFallback", "listNotesFromBackend", "createNoteOnBackend", "createNoteViaApi", "loadLocalNotesReadOnly", "saveLocalNotesCache", "isNetworkUnreachableError", "normalizeNote", "formatRelativeDate"], "search-terms": ["React notes app", "useEffect load notes", "localStorage fallback", "create notes API", "notesUrl", "useState notes", "Modal component"], "state": 2, "file_id": 5, "knowledge_revision": 30, "git_revision": "da731f88241953c8c87b04550ef7bfc77991077e", "revision_history": [{"25": "548a13586ea6aeeb4a646503ec898b46b9275eda"}, {"26": "548a13586ea6aeeb4a646503ec898b46b9275eda"}, {"30": "da731f88241953c8c87b04550ef7bfc77991077e"}], "ctags": [{"_type": "tag", "name": "App", "path": "/home/kavia/workspace/code-generation/simple-notes-app-200840-200849/notes_frontend/src/App.js", "pattern": "/^function App() {$/", "language": "JavaScript", "kind": "function", "signature": "()"}, {"_type": "tag", "name": "LS_KEY", "path": "/home/kavia/workspace/code-generation/simple-notes-app-200840-200849/notes_frontend/src/App.js", "pattern": "/^const LS_KEY = \"simple-notes-app.notes.v1\";$/", "language": "JavaScript", "kind": "constant"}, {"_type": "tag", "name": "Modal", "path": "/home/kavia/workspace/code-generation/simple-notes-app-200840-200849/notes_frontend/src/App.js", "pattern": "/^function Modal({ title, onClose, children, tone = \"default\" }) {$/", "language": "JavaScript", "kind": "function", "signature": "({ title, onClose, children, tone = \"default\" })"}, {"_type": "tag", "name": "closeEditor", "path": "/home/kavia/workspace/code-generation/simple-notes-app-200840-200849/notes_frontend/src/App.js", "pattern": "/^  function closeEditor() {$/", "language": "JavaScript", "kind": "function", "signature": "()", "scope": "App", "scopeKind": "function"}, {"_type": "tag", "name": "createNoteOnBackend", "path": "/home/kavia/workspace/code-generation/simple-notes-app-200840-200849/notes_frontend/src/App.js", "pattern": "/^async function createNoteOnBackend(notesUrl, note) {$/", "language": "JavaScript", "kind": "function", "signature": "(notesUrl, note)"}, {"_type": "tag", "name": "createNoteViaApi", "path": "/home/kavia/workspace/code-generation/simple-notes-app-200840-200849/notes_frontend/src/App.js", "pattern": "/^async function createNoteViaApi({ notesUrl, note }) {$/", "language": "JavaScript", "kind": "function", "signature": "({ notesUrl, note })"}, {"_type": "tag", "name": "formatRelativeDate", "path": "/home/kavia/workspace/code-generation/simple-notes-app-200840-200849/notes_frontend/src/App.js", "pattern": "/^function formatRelativeDate(iso) {$/", "language": "JavaScript", "kind": "function", "signature": "(iso)"}, {"_type": "tag", "name": "handleDeleteConfirmed", "path": "/home/kavia/workspace/code-generation/simple-notes-app-200840-200849/notes_frontend/src/App.js", "pattern": "/^  async function handleDeleteConfirmed() {$/", "language": "JavaScript", "kind": "function", "signature": "()", "scope": "App", "scopeKind": "function"}, {"_type": "tag", "name": "handleSave", "path": "/home/kavia/workspace/code-generation/simple-notes-app-200840-200849/notes_frontend/src/App.js", "pattern": "/^  async function handleSave(e) {$/", "language": "JavaScript", "kind": "function", "signature": "(e)", "scope": "App", "scopeKind": "function"}, {"_type": "tag", "name": "isNetworkUnreachableError", "path": "/home/kavia/workspace/code-generation/simple-notes-app-200840-200849/notes_frontend/src/App.js", "pattern": "/^function isNetworkUnreachableError(err) {$/", "language": "JavaScript", "kind": "function", "signature": "(err)"}, {"_type": "tag", "name": "listNotesFromBackend", "path": "/home/kavia/workspace/code-generation/simple-notes-app-200840-200849/notes_frontend/src/App.js", "pattern": "/^async function listNotesFromBackend(notesUrl) {$/", "language": "JavaScript", "kind": "function", "signature": "(notesUrl)"}, {"_type": "tag", "name": "load", "path": "/home/kavia/workspace/code-generation/simple-notes-app-200840-200849/notes_frontend/src/App.js", "pattern": "/^    async function load() {$/", "language": "JavaScript", "kind": "function", "signature": "()", "scope": "App", "scopeKind": "function"}, {"_type": "tag", "name": "loadLocalNotesReadOnly", "path": "/home/kavia/workspace/code-generation/simple-notes-app-200840-200849/notes_frontend/src/App.js", "pattern": "/^function loadLocalNotesReadOnly() {$/", "language": "JavaScript", "kind": "function", "signature": "()"}, {"_type": "tag", "name": "loadNotesFromApiOrFallback", "path": "/home/kavia/workspace/code-generation/simple-notes-app-200840-200849/notes_frontend/src/App.js", "pattern": "/^async function loadNotesFromApiOrFallback({ notesUrl }) {$/", "language": "JavaScript", "kind": "function", "signature": "({ notesUrl })"}, {"_type": "tag", "name": "normalizeNote", "path": "/home/kavia/workspace/code-generation/simple-notes-app-200840-200849/notes_frontend/src/App.js", "pattern": "/^function normalizeNote(raw) {$/", "language": "JavaScript", "kind": "function", "signature": "(raw)"}, {"_type": "tag", "name": "onKeyDown", "path": "/home/kavia/workspace/code-generation/simple-notes-app-200840-200849/notes_frontend/src/App.js", "pattern": "/^    function onKeyDown(e) {$/", "language": "JavaScript", "kind": "function", "signature": "(e)", "scope": "Modal", "scopeKind": "function"}, {"_type": "tag", "name": "openEdit", "path": "/home/kavia/workspace/code-generation/simple-notes-app-200840-200849/notes_frontend/src/App.js", "pattern": "/^  function openEdit(note) {$/", "language": "JavaScript", "kind": "function", "signature": "(note)", "scope": "App", "scopeKind": "function"}, {"_type": "tag", "name": "openNewNote", "path": "/home/kavia/workspace/code-generation/simple-notes-app-200840-200849/notes_frontend/src/App.js", "pattern": "/^  function openNewNote() {$/", "language": "JavaScript", "kind": "function", "signature": "()", "scope": "App", "scopeKind": "function"}, {"_type": "tag", "name": "saveLocalNotesCache", "path": "/home/kavia/workspace/code-generation/simple-notes-app-200840-200849/notes_frontend/src/App.js", "pattern": "/^function saveLocalNotesCache(notes) {$/", "language": "JavaScript", "kind": "function", "signature": "(notes)"}, {"_type": "tag", "name": "title", "path": "/home/kavia/workspace/code-generation/simple-notes-app-200840-200849/notes_frontend/src/App.js", "pattern": "/^        aria-label={title}$/", "language": "JavaScript", "kind": "field", "scope": "Modal.aria", "scopeKind": "class"}, {"_type": "tag", "name": "tone", "path": "/home/kavia/workspace/code-generation/simple-notes-app-200840-200849/notes_frontend/src/App.js", "pattern": "/^        data-tone={tone}$/", "language": "JavaScript", "kind": "field", "scope": "Modal.data", "scopeKind": "class"}, {"_type": "tag", "name": "validateDraft", "path": "/home/kavia/workspace/code-generation/simple-notes-app-200840-200849/notes_frontend/src/App.js", "pattern": "/^  function validateDraft(nextDraft) {$/", "language": "JavaScript", "kind": "function", "signature": "(nextDraft)", "scope": "App", "scopeKind": "function"}], "hash": "36c793304103e89d6140215739924025", "format-version": 4, "code-base-name": "notes_frontend", "filename": "notes_frontend/src/App.js", "fields": [{"name": "aria-label={title}", "scope": "Modal.aria", "scopeKind": "class", "description": "unavailable"}, {"name": "data-tone={tone}", "scope": "Modal.data", "scopeKind": "class", "description": "unavailable"}]}