{"is_source_file": true, "format": "JavaScript (React JSX)", "description": "Main React component for a notes application, implementing note CRUD operations, API interaction with fallback to localStorage, UI rendering including modals, and state management.", "external_files": ["./App.css", "react"], "external_methods": ["React.useEffect", "React.useMemo", "React.useState", "fetch"], "published": ["App"], "classes": [], "methods": [{"name": "App()", "description": "Main functional component managing notes app lifecycle, state, and UI.", "scope": "", "scopeKind": ""}, {"name": "Modal({ title, onClose, children, tone = \"default\" })", "description": "Reusable modal dialog component with accessible semantics.", "scope": "", "scopeKind": ""}, {"name": "formatRelativeDate(iso)", "description": "Formats ISO date strings into relative time strings for display.", "scope": "", "scopeKind": ""}, {"name": "loadNotes({ apiBase })", "description": "Loads notes either via API or fallback to localStorage.", "scope": "", "scopeKind": ""}, {"name": "createNote({ apiBase, note })", "description": "Creates a new note through API or localStorage fallback and updates cache.", "scope": "", "scopeKind": ""}, {"name": "updateNote({ apiBase, id, patch })", "description": "Updates an existing note via API or localStorage fallback and updates cache.", "scope": "", "scopeKind": ""}, {"name": "deleteNote({ apiBase, id })", "description": "Deletes a note via API or localStorage fallback and updates cache.", "scope": "", "scopeKind": ""}, {"name": "apiCreateNote(apiBase, note)", "scope": "", "scopeKind": "", "description": "unavailable"}, {"name": "apiDeleteNote(apiBase, id)", "scope": "", "scopeKind": "", "description": "unavailable"}, {"name": "apiListNotes(apiBase)", "scope": "", "scopeKind": "", "description": "unavailable"}, {"name": "apiUpdateNote(apiBase, id, patch)", "scope": "", "scopeKind": "", "description": "unavailable"}, {"name": "closeEditor()", "scope": "App", "scopeKind": "function", "description": "unavailable"}, {"name": "generateId()", "scope": "", "scopeKind": "", "description": "unavailable"}, {"name": "handleDeleteConfirmed(id)", "scope": "App", "scopeKind": "function", "description": "unavailable"}, {"name": "handleSave(e)", "scope": "App", "scopeKind": "function", "description": "unavailable"}, {"name": "load()", "scope": "App", "scopeKind": "function", "description": "unavailable"}, {"name": "loadLocalNotes()", "scope": "", "scopeKind": "", "description": "unavailable"}, {"name": "normalizeNote(raw)", "scope": "", "scopeKind": "", "description": "unavailable"}, {"name": "nowIso()", "scope": "", "scopeKind": "", "description": "unavailable"}, {"name": "onKeyDown(e)", "scope": "Modal", "scopeKind": "function", "description": "unavailable"}, {"name": "openEdit(note)", "scope": "App", "scopeKind": "function", "description": "unavailable"}, {"name": "openNewNote()", "scope": "App", "scopeKind": "function", "description": "unavailable"}, {"name": "saveLocalNotes(nextNotes)", "scope": "", "scopeKind": "", "description": "unavailable"}, {"name": "tryApiFetch(url, options)", "scope": "", "scopeKind": "", "description": "unavailable"}, {"name": "validateDraft(nextDraft)", "scope": "App", "scopeKind": "function", "description": "unavailable"}], "calls": ["loadNotes", "updateNote", "createNote", "deleteNote", "loadNotes({ apiBase })", "loadNotes", "updateNote", "createNote", "deleteNote", "tryApiFetch", "apiListNotes", "apiCreateNote", "apiUpdateNote", "apiDeleteNote", "normalizeNote"], "search-terms": ["React App notes CRUD", "API fallback localStorage", "Note editing modal", "Note delete confirmation", "useEffect note load", "useMemo API base", "note normalization", "React hooks"], "state": 2, "file_id": 5, "knowledge_revision": 26, "git_revision": "548a13586ea6aeeb4a646503ec898b46b9275eda", "revision_history": [{"25": "548a13586ea6aeeb4a646503ec898b46b9275eda"}, {"26": "548a13586ea6aeeb4a646503ec898b46b9275eda"}], "ctags": [{"_type": "tag", "name": "App", "path": "/home/kavia/workspace/code-generation/simple-notes-app-200840-200849/notes_frontend/src/App.js", "pattern": "/^function App() {$/", "language": "JavaScript", "kind": "function", "signature": "()"}, {"_type": "tag", "name": "LS_KEY", "path": "/home/kavia/workspace/code-generation/simple-notes-app-200840-200849/notes_frontend/src/App.js", "pattern": "/^const LS_KEY = \"simple-notes-app.notes.v1\";$/", "language": "JavaScript", "kind": "constant"}, {"_type": "tag", "name": "Modal", "path": "/home/kavia/workspace/code-generation/simple-notes-app-200840-200849/notes_frontend/src/App.js", "pattern": "/^function Modal({ title, onClose, children, tone = \"default\" }) {$/", "language": "JavaScript", "kind": "function", "signature": "({ title, onClose, children, tone = \"default\" })"}, {"_type": "tag", "name": "apiCreateNote", "path": "/home/kavia/workspace/code-generation/simple-notes-app-200840-200849/notes_frontend/src/App.js", "pattern": "/^async function apiCreateNote(apiBase, note) {$/", "language": "JavaScript", "kind": "function", "signature": "(apiBase, note)"}, {"_type": "tag", "name": "apiDeleteNote", "path": "/home/kavia/workspace/code-generation/simple-notes-app-200840-200849/notes_frontend/src/App.js", "pattern": "/^async function apiDeleteNote(apiBase, id) {$/", "language": "JavaScript", "kind": "function", "signature": "(apiBase, id)"}, {"_type": "tag", "name": "apiListNotes", "path": "/home/kavia/workspace/code-generation/simple-notes-app-200840-200849/notes_frontend/src/App.js", "pattern": "/^async function apiListNotes(apiBase) {$/", "language": "JavaScript", "kind": "function", "signature": "(apiBase)"}, {"_type": "tag", "name": "apiUpdateNote", "path": "/home/kavia/workspace/code-generation/simple-notes-app-200840-200849/notes_frontend/src/App.js", "pattern": "/^async function apiUpdateNote(apiBase, id, patch) {$/", "language": "JavaScript", "kind": "function", "signature": "(apiBase, id, patch)"}, {"_type": "tag", "name": "closeEditor", "path": "/home/kavia/workspace/code-generation/simple-notes-app-200840-200849/notes_frontend/src/App.js", "pattern": "/^  function closeEditor() {$/", "language": "JavaScript", "kind": "function", "signature": "()", "scope": "App", "scopeKind": "function"}, {"_type": "tag", "name": "createNote", "path": "/home/kavia/workspace/code-generation/simple-notes-app-200840-200849/notes_frontend/src/App.js", "pattern": "/^async function createNote({ apiBase, note }) {$/", "language": "JavaScript", "kind": "function", "signature": "({ apiBase, note })"}, {"_type": "tag", "name": "deleteNote", "path": "/home/kavia/workspace/code-generation/simple-notes-app-200840-200849/notes_frontend/src/App.js", "pattern": "/^async function deleteNote({ apiBase, id }) {$/", "language": "JavaScript", "kind": "function", "signature": "({ apiBase, id })"}, {"_type": "tag", "name": "formatRelativeDate", "path": "/home/kavia/workspace/code-generation/simple-notes-app-200840-200849/notes_frontend/src/App.js", "pattern": "/^function formatRelativeDate(iso) {$/", "language": "JavaScript", "kind": "function", "signature": "(iso)"}, {"_type": "tag", "name": "generateId", "path": "/home/kavia/workspace/code-generation/simple-notes-app-200840-200849/notes_frontend/src/App.js", "pattern": "/^function generateId() {$/", "language": "JavaScript", "kind": "function", "signature": "()"}, {"_type": "tag", "name": "handleDeleteConfirmed", "path": "/home/kavia/workspace/code-generation/simple-notes-app-200840-200849/notes_frontend/src/App.js", "pattern": "/^  async function handleDeleteConfirmed(id) {$/", "language": "JavaScript", "kind": "function", "signature": "(id)", "scope": "App", "scopeKind": "function"}, {"_type": "tag", "name": "handleSave", "path": "/home/kavia/workspace/code-generation/simple-notes-app-200840-200849/notes_frontend/src/App.js", "pattern": "/^  async function handleSave(e) {$/", "language": "JavaScript", "kind": "function", "signature": "(e)", "scope": "App", "scopeKind": "function"}, {"_type": "tag", "name": "load", "path": "/home/kavia/workspace/code-generation/simple-notes-app-200840-200849/notes_frontend/src/App.js", "pattern": "/^    async function load() {$/", "language": "JavaScript", "kind": "function", "signature": "()", "scope": "App", "scopeKind": "function"}, {"_type": "tag", "name": "loadLocalNotes", "path": "/home/kavia/workspace/code-generation/simple-notes-app-200840-200849/notes_frontend/src/App.js", "pattern": "/^function loadLocalNotes() {$/", "language": "JavaScript", "kind": "function", "signature": "()"}, {"_type": "tag", "name": "loadNotes", "path": "/home/kavia/workspace/code-generation/simple-notes-app-200840-200849/notes_frontend/src/App.js", "pattern": "/^async function loadNotes({ apiBase }) {$/", "language": "JavaScript", "kind": "function", "signature": "({ apiBase })"}, {"_type": "tag", "name": "normalizeNote", "path": "/home/kavia/workspace/code-generation/simple-notes-app-200840-200849/notes_frontend/src/App.js", "pattern": "/^function normalizeNote(raw) {$/", "language": "JavaScript", "kind": "function", "signature": "(raw)"}, {"_type": "tag", "name": "nowIso", "path": "/home/kavia/workspace/code-generation/simple-notes-app-200840-200849/notes_frontend/src/App.js", "pattern": "/^function nowIso() {$/", "language": "JavaScript", "kind": "function", "signature": "()"}, {"_type": "tag", "name": "onKeyDown", "path": "/home/kavia/workspace/code-generation/simple-notes-app-200840-200849/notes_frontend/src/App.js", "pattern": "/^    function onKeyDown(e) {$/", "language": "JavaScript", "kind": "function", "signature": "(e)", "scope": "Modal", "scopeKind": "function"}, {"_type": "tag", "name": "openEdit", "path": "/home/kavia/workspace/code-generation/simple-notes-app-200840-200849/notes_frontend/src/App.js", "pattern": "/^  function openEdit(note) {$/", "language": "JavaScript", "kind": "function", "signature": "(note)", "scope": "App", "scopeKind": "function"}, {"_type": "tag", "name": "openNewNote", "path": "/home/kavia/workspace/code-generation/simple-notes-app-200840-200849/notes_frontend/src/App.js", "pattern": "/^  function openNewNote() {$/", "language": "JavaScript", "kind": "function", "signature": "()", "scope": "App", "scopeKind": "function"}, {"_type": "tag", "name": "saveLocalNotes", "path": "/home/kavia/workspace/code-generation/simple-notes-app-200840-200849/notes_frontend/src/App.js", "pattern": "/^function saveLocalNotes(nextNotes) {$/", "language": "JavaScript", "kind": "function", "signature": "(nextNotes)"}, {"_type": "tag", "name": "title", "path": "/home/kavia/workspace/code-generation/simple-notes-app-200840-200849/notes_frontend/src/App.js", "pattern": "/^        aria-label={title}$/", "language": "JavaScript", "kind": "field", "scope": "Modal.aria", "scopeKind": "class"}, {"_type": "tag", "name": "tone", "path": "/home/kavia/workspace/code-generation/simple-notes-app-200840-200849/notes_frontend/src/App.js", "pattern": "/^        data-tone={tone}$/", "language": "JavaScript", "kind": "field", "scope": "Modal.data", "scopeKind": "class"}, {"_type": "tag", "name": "tryApiFetch", "path": "/home/kavia/workspace/code-generation/simple-notes-app-200840-200849/notes_frontend/src/App.js", "pattern": "/^async function tryApiFetch(url, options) {$/", "language": "JavaScript", "kind": "function", "signature": "(url, options)"}, {"_type": "tag", "name": "updateNote", "path": "/home/kavia/workspace/code-generation/simple-notes-app-200840-200849/notes_frontend/src/App.js", "pattern": "/^async function updateNote({ apiBase, id, patch }) {$/", "language": "JavaScript", "kind": "function", "signature": "({ apiBase, id, patch })"}, {"_type": "tag", "name": "validateDraft", "path": "/home/kavia/workspace/code-generation/simple-notes-app-200840-200849/notes_frontend/src/App.js", "pattern": "/^  function validateDraft(nextDraft) {$/", "language": "JavaScript", "kind": "function", "signature": "(nextDraft)", "scope": "App", "scopeKind": "function"}], "hash": "161b9c0e5dc8d2b27d97ac718e5d6282", "format-version": 4, "code-base-name": "notes_frontend", "filename": "notes_frontend/src/App.js", "fields": [{"name": "aria-label={title}", "scope": "Modal.aria", "scopeKind": "class", "description": "unavailable"}, {"name": "data-tone={tone}", "scope": "Modal.data", "scopeKind": "class", "description": "unavailable"}]}