{"is_source_file": false, "format": "", "description": "", "external_files": [], "external_methods": [], "published": [], "classes": [], "methods": [], "calls": [], "search-terms": [], "state": 2, "file_id": 8, "knowledge_revision": 28, "git_revision": "548a13586ea6aeeb4a646503ec898b46b9275eda", "hash": "26d59335f21ab3925be686c63287ec42", "format-version": 4, "code-base-name": "notes_frontend", "filename": "notes_frontend/src/index.css", "revision_history": [{"28": "548a13586ea6aeeb4a646503ec898b46b9275eda"}]}