{"is_source_file": true, "format": "JavaScript", "description": "Main component for a notes application built with React. Handles UI rendering, state management, interaction logic, and data fetching from backend API with fallback to localStorage.", "external_files": ["./App.css"], "external_methods": ["loadNotesFromApiOrFallback", "createNoteViaApi", "listNotesFromBackend", "createNoteOnBackend", "safeReadText", "formatHttpError"], "published": ["default"], "classes": [], "methods": [{"name": "App()", "description": "Main React component managing notes app UI and logic.", "scope": "", "scopeKind": ""}, {"name": "Modal({ title, onClose, children, tone = \"default\" })", "description": "A simple accessible modal dialog component.", "scope": "", "scopeKind": ""}, {"name": "formatRelativeDate(iso)", "description": "Formats ISO date strings into relative date descriptions.", "scope": "", "scopeKind": ""}, {"name": "loadNotesFromApiOrFallback({ notesUrl })", "description": "Fetches notes from backend API or localStorage fallback.", "scope": "", "scopeKind": ""}, {"name": "createNoteViaApi({ notesUrl, note })", "description": "Creates a new note via backend API.", "scope": "", "scopeKind": ""}, {"name": "listNotesFromBackend(notesUrl)", "description": "Retrieves list of notes from backend API.", "scope": "", "scopeKind": ""}, {"name": "createNoteOnBackend(notesUrl, note)", "description": "Posts a new note to backend API.", "scope": "", "scopeKind": ""}, {"name": "loadLocalNotesReadOnly()", "description": "Loads notes from localStorage fallback.", "scope": "", "scopeKind": ""}, {"name": "saveLocalNotesCache(notes)", "description": "Saves notes to localStorage fallback.", "scope": "", "scopeKind": ""}, {"name": "isNetworkUnreachableError(err)", "description": "Detects network errors from fetch API failures.", "scope": "", "scopeKind": ""}, {"name": "closeEditor()", "scope": "App", "scopeKind": "function", "description": "unavailable"}, {"name": "formatHttpError({ url, status, statusText, bodyText })", "scope": "", "scopeKind": "", "description": "unavailable"}, {"name": "handleDeleteConfirmed()", "scope": "App", "scopeKind": "function", "description": "unavailable"}, {"name": "handleSave(e)", "scope": "App", "scopeKind": "function", "description": "unavailable"}, {"name": "load()", "scope": "App", "scopeKind": "function", "description": "unavailable"}, {"name": "normalizeNote(raw)", "scope": "", "scopeKind": "", "description": "unavailable"}, {"name": "onKeyDown(e)", "scope": "Modal", "scopeKind": "function", "description": "unavailable"}, {"name": "openEdit(note)", "scope": "App", "scopeKind": "function", "description": "unavailable"}, {"name": "openNewNote()", "scope": "App", "scopeKind": "function", "description": "unavailable"}, {"name": "safeReadText(res)", "scope": "", "scopeKind": "", "description": "unavailable"}, {"name": "validateDraft(nextDraft)", "scope": "App", "scopeKind": "function", "description": "unavailable"}], "calls": ["loadNotesFromApiOrFallback({ notesUrl })", "createNoteViaApi({ notesUrl, note })", "listNotesFromBackend(notesUrl)", "createNoteOnBackend(notesUrl, note)", "saveLocalNotesCache(backendNotes)", "loadLocalNotesReadOnly()", "safeReadText(res)", "formatHttpError({ url, status, statusText, bodyText })"], "search-terms": ["React notes app", "useEffect fetch notes", "fallback to localStorage", "API configuration", "notes management", "Modal component"], "state": 2, "file_id": 5, "knowledge_revision": 35, "git_revision": "921423d62e74338f8f8885749423a4142a31c19b", "revision_history": [{"25": "548a13586ea6aeeb4a646503ec898b46b9275eda"}, {"26": "548a13586ea6aeeb4a646503ec898b46b9275eda"}, {"30": "da731f88241953c8c87b04550ef7bfc77991077e"}, {"31": "921423d62e74338f8f8885749423a4142a31c19b"}, {"32": "921423d62e74338f8f8885749423a4142a31c19b"}, {"33": "921423d62e74338f8f8885749423a4142a31c19b"}, {"34": "921423d62e74338f8f8885749423a4142a31c19b"}, {"35": "921423d62e74338f8f8885749423a4142a31c19b"}], "ctags": [{"_type": "tag", "name": "App", "path": "/home/kavia/workspace/code-generation/simple-notes-app-200840-200849/notes_frontend/src/App.js", "pattern": "/^function App() {$/", "language": "JavaScript", "kind": "function", "signature": "()"}, {"_type": "tag", "name": "LS_KEY", "path": "/home/kavia/workspace/code-generation/simple-notes-app-200840-200849/notes_frontend/src/App.js", "pattern": "/^const LS_KEY = \"simple-notes-app.notes.v1\";$/", "language": "JavaScript", "kind": "constant"}, {"_type": "tag", "name": "Modal", "path": "/home/kavia/workspace/code-generation/simple-notes-app-200840-200849/notes_frontend/src/App.js", "pattern": "/^function Modal({ title, onClose, children, tone = \"default\" }) {$/", "language": "JavaScript", "kind": "function", "signature": "({ title, onClose, children, tone = \"default\" })"}, {"_type": "tag", "name": "closeEditor", "path": "/home/kavia/workspace/code-generation/simple-notes-app-200840-200849/notes_frontend/src/App.js", "pattern": "/^  function closeEditor() {$/", "language": "JavaScript", "kind": "function", "signature": "()", "scope": "App", "scopeKind": "function"}, {"_type": "tag", "name": "createNoteOnBackend", "path": "/home/kavia/workspace/code-generation/simple-notes-app-200840-200849/notes_frontend/src/App.js", "pattern": "/^async function createNoteOnBackend(notesUrl, note) {$/", "language": "JavaScript", "kind": "function", "signature": "(notesUrl, note)"}, {"_type": "tag", "name": "createNoteViaApi", "path": "/home/kavia/workspace/code-generation/simple-notes-app-200840-200849/notes_frontend/src/App.js", "pattern": "/^async function createNoteViaApi({ notesUrl, note }) {$/", "language": "JavaScript", "kind": "function", "signature": "({ notesUrl, note })"}, {"_type": "tag", "name": "formatHttpError", "path": "/home/kavia/workspace/code-generation/simple-notes-app-200840-200849/notes_frontend/src/App.js", "pattern": "/^function formatHttpError({ url, status, statusText, bodyText }) {$/", "language": "JavaScript", "kind": "function", "signature": "({ url, status, statusText, bodyText })"}, {"_type": "tag", "name": "formatRelativeDate", "path": "/home/kavia/workspace/code-generation/simple-notes-app-200840-200849/notes_frontend/src/App.js", "pattern": "/^function formatRelativeDate(iso) {$/", "language": "JavaScript", "kind": "function", "signature": "(iso)"}, {"_type": "tag", "name": "handleDeleteConfirmed", "path": "/home/kavia/workspace/code-generation/simple-notes-app-200840-200849/notes_frontend/src/App.js", "pattern": "/^  async function handleDeleteConfirmed() {$/", "language": "JavaScript", "kind": "function", "signature": "()", "scope": "App", "scopeKind": "function"}, {"_type": "tag", "name": "handleSave", "path": "/home/kavia/workspace/code-generation/simple-notes-app-200840-200849/notes_frontend/src/App.js", "pattern": "/^  async function handleSave(e) {$/", "language": "JavaScript", "kind": "function", "signature": "(e)", "scope": "App", "scopeKind": "function"}, {"_type": "tag", "name": "isNetworkUnreachableError", "path": "/home/kavia/workspace/code-generation/simple-notes-app-200840-200849/notes_frontend/src/App.js", "pattern": "/^function isNetworkUnreachableError(err) {$/", "language": "JavaScript", "kind": "function", "signature": "(err)"}, {"_type": "tag", "name": "listNotesFromBackend", "path": "/home/kavia/workspace/code-generation/simple-notes-app-200840-200849/notes_frontend/src/App.js", "pattern": "/^async function listNotesFromBackend(notesUrl) {$/", "language": "JavaScript", "kind": "function", "signature": "(notesUrl)"}, {"_type": "tag", "name": "load", "path": "/home/kavia/workspace/code-generation/simple-notes-app-200840-200849/notes_frontend/src/App.js", "pattern": "/^    async function load() {$/", "language": "JavaScript", "kind": "function", "signature": "()", "scope": "App", "scopeKind": "function"}, {"_type": "tag", "name": "loadLocalNotesReadOnly", "path": "/home/kavia/workspace/code-generation/simple-notes-app-200840-200849/notes_frontend/src/App.js", "pattern": "/^function loadLocalNotesReadOnly() {$/", "language": "JavaScript", "kind": "function", "signature": "()"}, {"_type": "tag", "name": "loadNotesFromApiOrFallback", "path": "/home/kavia/workspace/code-generation/simple-notes-app-200840-200849/notes_frontend/src/App.js", "pattern": "/^async function loadNotesFromApiOrFallback({ notesUrl }) {$/", "language": "JavaScript", "kind": "function", "signature": "({ notesUrl })"}, {"_type": "tag", "name": "normalizeNote", "path": "/home/kavia/workspace/code-generation/simple-notes-app-200840-200849/notes_frontend/src/App.js", "pattern": "/^function normalizeNote(raw) {$/", "language": "JavaScript", "kind": "function", "signature": "(raw)"}, {"_type": "tag", "name": "onKeyDown", "path": "/home/kavia/workspace/code-generation/simple-notes-app-200840-200849/notes_frontend/src/App.js", "pattern": "/^    function onKeyDown(e) {$/", "language": "JavaScript", "kind": "function", "signature": "(e)", "scope": "Modal", "scopeKind": "function"}, {"_type": "tag", "name": "openEdit", "path": "/home/kavia/workspace/code-generation/simple-notes-app-200840-200849/notes_frontend/src/App.js", "pattern": "/^  function openEdit(note) {$/", "language": "JavaScript", "kind": "function", "signature": "(note)", "scope": "App", "scopeKind": "function"}, {"_type": "tag", "name": "openNewNote", "path": "/home/kavia/workspace/code-generation/simple-notes-app-200840-200849/notes_frontend/src/App.js", "pattern": "/^  function openNewNote() {$/", "language": "JavaScript", "kind": "function", "signature": "()", "scope": "App", "scopeKind": "function"}, {"_type": "tag", "name": "safeReadText", "path": "/home/kavia/workspace/code-generation/simple-notes-app-200840-200849/notes_frontend/src/App.js", "pattern": "/^async function safeReadText(res) {$/", "language": "JavaScript", "kind": "function", "signature": "(res)"}, {"_type": "tag", "name": "saveLocalNotesCache", "path": "/home/kavia/workspace/code-generation/simple-notes-app-200840-200849/notes_frontend/src/App.js", "pattern": "/^function saveLocalNotesCache(notes) {$/", "language": "JavaScript", "kind": "function", "signature": "(notes)"}, {"_type": "tag", "name": "title", "path": "/home/kavia/workspace/code-generation/simple-notes-app-200840-200849/notes_frontend/src/App.js", "pattern": "/^        aria-label={title}$/", "language": "JavaScript", "kind": "field", "scope": "Modal.aria", "scopeKind": "class"}, {"_type": "tag", "name": "tone", "path": "/home/kavia/workspace/code-generation/simple-notes-app-200840-200849/notes_frontend/src/App.js", "pattern": "/^        data-tone={tone}$/", "language": "JavaScript", "kind": "field", "scope": "Modal.data", "scopeKind": "class"}, {"_type": "tag", "name": "validateDraft", "path": "/home/kavia/workspace/code-generation/simple-notes-app-200840-200849/notes_frontend/src/App.js", "pattern": "/^  function validateDraft(nextDraft) {$/", "language": "JavaScript", "kind": "function", "signature": "(nextDraft)", "scope": "App", "scopeKind": "function"}], "hash": "bfb5450625143830ca330b7ff1b5c896", "format-version": 4, "code-base-name": "notes_frontend", "filename": "notes_frontend/src/App.js", "fields": [{"name": "aria-label={title}", "scope": "Modal.aria", "scopeKind": "class", "description": "unavailable"}, {"name": "data-tone={tone}", "scope": "Modal.data", "scopeKind": "class", "description": "unavailable"}]}